group,name,calories,protein,carb,fiber,Ferro(mg),sodium
Cereais e derivados,"Arroz, integral, cozido","123,53","2,59","25,81","2,75","0,26","1,24"
Cereais e derivados,"Arroz, integral, cru","359,68","7,32","77,45","4,82","0,95","1,65"
Cereais e derivados,"Arroz, tipo 1, cozido","128,26","2,52","28,06","1,56","0,08","1,20"
Cereais e derivados,"Arroz, tipo 1, cru","357,79","7,16","78,76","1,64","0,68","1,02"
Cereais e derivados,"Arroz, tipo 2, cozido","130,12","2,57","28,19","1,07","0,05","1,96"
Cereais e derivados,"Arroz, tipo 2, cru","358,12","7,24","78,88","1,72","0,60","0,57"
Cereais e derivados,"Aveia, flocos, crua","393,82","13,92","66,64","9,13","4,45","4,63"
Cereais e derivados,"Biscoito, doce, maisena","442,82","8,07","75,23","2,10","1,76","352,03"
Cereais e derivados,"Biscoito, doce, recheado com chocolate","471,82","6,40","70,55","2,96","2,27","239,20"
Cereais e derivados,"Biscoito, doce, recheado com morango","471,17","5,72","71,01","1,53","1,48","229,82"
Cereais e derivados,"Biscoito, doce, wafer, recheado de chocolate","502,46","5,56","67,54","1,80","2,44","137,24"
Cereais e derivados,"Biscoito, doce, wafer, recheado de morango","513,45","4,52","67,35","0,82","1,09","119,90"
Cereais e derivados,"Biscoito, salgado, cream cracker","431,73","10,06","68,73","2,51","2,20","854,36"
Cereais e derivados,"Bolo, mistura para","418,63","6,16","84,71","1,70","1,21","462,88"
Cereais e derivados,"Bolo, pronto, aipim","323,85","4,42","47,86","0,69","0,49","111,01"
Cereais e derivados,"Bolo, pronto, chocolate","410,01","6,22","54,72","1,43","2,13","283,30"
Cereais e derivados,"Bolo, pronto, coco","333,44","5,67","52,28","1,06","0,85","190,34"
Cereais e derivados,"Bolo, pronto, milho","311,39","4,80","45,11","0,71","0,65","133,81"
Cereais e derivados,"Canjica, branca, crua","357,60","7,20","78,06","5,50","0,32","0,79"
Cereais e derivados,"Canjica, com leite integral","112,46","2,36","23,63","1,22","0,06","27,59"
Cereais e derivados,"Cereais, milho, flocos, com sal","369,60","7,29","80,84","5,29","0,52","271,74"
Cereais e derivados,"Cereais, milho, flocos, sem sal","363,34","6,88","80,45","1,84","1,69","30,97"
Cereais e derivados,"Cereais, mingau, milho, infantil","394,43","6,43","87,27","3,21","3,03","399,40"
Cereais e derivados,"Cereais, mistura para vitamina, trigo, cevada e aveia","381,13","8,90","81,62","4,98","12,64","1163,26"
Cereais e derivados,"Cereal matinal, milho","365,35","7,16","83,82","4,12","3,05","654,54"
Cereais e derivados,"Cereal matinal, milho, açúcar","376,56","4,74","88,84","2,11","3,90","405,31"
Cereais e derivados,"Creme de arroz, pó","386,00","7,03","83,87","1,07","0,63","1,03"
Cereais e derivados,"Creme de milho, pó","333,03","4,82","86,15","3,72","4,26","593,79"
Cereais e derivados,"Curau, milho verde","78,43","2,36","13,94","0,46","0,45","20,51"
Cereais e derivados,"Curau, milho verde, mistura para","402,29","2,22","79,82","2,52","0,86","222,93"
Cereais e derivados,"Farinha, de arroz, enriquecida","363,06","1,27","85,50","0,58","31,38","17,10"
Cereais e derivados,"Farinha, de centeio, integral","335,78","12,52","73,30","15,48","4,73","41,38"
Cereais e derivados,"Farinha, de milho, amarela","350,59","7,19","79,08","5,49","2,25","44,93"
Cereais e derivados,"Farinha, de rosca","370,58","11,38","75,79","4,82","6,73","332,50"
Cereais e derivados,"Farinha, de trigo","360,47","9,79","75,09","2,35","0,95","0,74"
Cereais e derivados,"Farinha, láctea, de cereais","414,85","11,88","77,77","1,94","8,72","125,07"
Cereais e derivados,"Lasanha, massa fresca, cozida","163,76","5,81","32,52","1,64","1,19","206,77"
Cereais e derivados,"Lasanha, massa fresca, crua","220,31","7,01","45,06","1,61","1,87","666,71"
Cereais e derivados,"Macarrão, instantâneo","435,86","8,79","62,43","5,61","0,80","1515,53"
Cereais e derivados,"Macarrão, trigo, cru","371,12","10,00","77,94","2,93","0,88","7,17"
Cereais e derivados,"Macarrão, trigo, cru, com ovos","370,57","10,32","76,62","2,30","0,92","14,74"
Cereais e derivados,"Milho, amido, cru","361,37","0,60","87,15","0,74","0,13","8,08"
Cereais e derivados,"Milho, fubá, cru","353,48","7,21","78,87","4,71","0,85",Tr
Cereais e derivados,"Milho, verde, cru","138,17","6,59","28,56","3,92","0,41","1,12"
Cereais e derivados,"Milho, verde, enlatado, drenado","97,56","3,23","17,14","4,64","0,59","260,35"
Cereais e derivados,"Mingau tradicional, pó","373,42","0,58","89,34","0,88","41,99","14,86"
Cereais e derivados,"Pamonha, barra para cozimento, pré-cozida","171,22","2,55","30,68","2,37","0,36","131,99"
Cereais e derivados,"Pão, aveia, forma","343,09","12,35","59,57","5,98","4,73","605,76"
Cereais e derivados,"Pão, de soja","308,73","11,34","56,51","5,71","3,33","662,54"
Cereais e derivados,"Pão, glúten, forma","252,99","11,95","44,12","2,48","5,71","22,05"
Cereais e derivados,"Pão, milho, forma","292,01","8,30","56,40","4,30","3,04","506,64"
Cereais e derivados,"Pão, trigo, forma, integral","253,19","9,43","49,94","6,88","2,99","506,10"
Cereais e derivados,"Pão, trigo, francês","299,81","7,95","58,65","2,31","1,00","647,67"
Cereais e derivados,"Pão, trigo, sovado","310,96","8,40","61,45","2,43","2,27","430,79"
Cereais e derivados,"Pastel, de carne, cru","288,70","10,74","42,02","1,04","1,99","1309,27"
Cereais e derivados,"Pastel, de carne, frito","388,37","10,10","43,77","0,99","2,51","1039,89"
Cereais e derivados,"Pastel, de queijo, cru","308,47","9,85","45,95","1,11","0,99","984,57"
Cereais e derivados,"Pastel, de queijo, frito","422,11","8,71","48,13","0,94","1,34","821,38"
Cereais e derivados,"Pastel, massa, crua","310,20","6,90","57,38","1,41","1,06","1344,20"
Cereais e derivados,"Pastel, massa, frita","569,67","6,02","49,34","1,31","1,45","1174,67"
Cereais e derivados,"Pipoca, com óleo de soja, sem sal","448,33","9,93","70,31","14,34","1,16","4,32"
Cereais e derivados,"Polenta, pré-cozida","102,74","2,29","23,31","2,40",Tr,"441,89"
Cereais e derivados,"Torrada, pão francês","377,42","10,52","74,56","3,40","1,24","829,49"
"Verduras, hortaliças e derivados","Abóbora, cabotian, cozida","48,04","1,44","10,76","2,46","0,35","1,45"
"Verduras, hortaliças e derivados","Abóbora, cabotian, crua","38,60","1,75","8,36","2,17","0,37",Tr
"Verduras, hortaliças e derivados","Abóbora, menina brasileira, crua","13,61","0,61","3,30","1,17","0,15",Tr
"Verduras, hortaliças e derivados","Abóbora, moranga, crua","12,36","0,96","2,67","1,70",Tr,Tr
"Verduras, hortaliças e derivados","Abóbora, moranga, refogada","29,00","0,39","5,98","1,55","0,11","3,03"
"Verduras, hortaliças e derivados","Abóbora, pescoço, crua","24,47","0,67","6,12","2,30","0,28","0,75"
"Verduras, hortaliças e derivados","Abobrinha, italiana, cozida","15,04","1,13","2,98","1,59","0,16","0,83"
"Verduras, hortaliças e derivados","Abobrinha, italiana, crua","19,28","1,14","4,29","1,35","0,24",Tr
"Verduras, hortaliças e derivados","Abobrinha, italiana, refogada","24,43","1,07","4,19","1,38","0,36","2,21"
"Verduras, hortaliças e derivados","Abobrinha, paulista, crua","30,81","0,64","7,87","2,61","0,17","0,50"
"Verduras, hortaliças e derivados","Acelga, crua","20,94","1,44","4,63","1,12","0,27","1,18"
"Verduras, hortaliças e derivados","Agrião, cru","16,58","2,69","2,25","2,14","3,11","7,46"
"Verduras, hortaliças e derivados","Aipo, cru","19,09","0,76","4,27","0,96","0,72","9,52"
"Verduras, hortaliças e derivados","Alface, americana, crua","8,79","0,61","1,75","1,02","0,27","7,31"
"Verduras, hortaliças e derivados","Alface, crespa, crua","10,68","1,35","1,70","1,83","0,40","3,38"
"Verduras, hortaliças e derivados","Alface, lisa, crua","13,82","1,69","2,43","2,33","0,61","4,23"
"Verduras, hortaliças e derivados","Alface, roxa, crua","12,72","0,91","2,49","2,01","2,48","7,12"
"Verduras, hortaliças e derivados","Alfavaca, crua","29,18","2,66","5,24","4,14","1,26","4,55"
"Verduras, hortaliças e derivados","Alho, cru","113,13","7,01","23,91","4,32","0,80","5,36"
"Verduras, hortaliças e derivados","Alho-poró, cru","31,51","1,41","6,88","2,51","0,64","1,76"
"Verduras, hortaliças e derivados","Almeirão, cru","18,03","1,77","3,34","2,59","0,74","2,35"
"Verduras, hortaliças e derivados","Almeirão, refogado","65,08","1,70","5,70","3,43","1,55","14,52"
"Verduras, hortaliças e derivados","Batata, baroa, cozida","80,12","0,85","18,95","1,76","0,42","2,10"
"Verduras, hortaliças e derivados","Batata, baroa, crua","100,98","1,05","23,98","2,06","0,30",Tr
"Verduras, hortaliças e derivados","Batata, doce, cozida","76,76","0,64","18,42","2,21","0,19","2,70"
"Verduras, hortaliças e derivados","Batata, doce, crua","118,24","1,26","28,20","2,57","0,39","8,77"
"Verduras, hortaliças e derivados","Batata, frita, tipo chips, industrializada","542,73","5,58","51,22","2,46","0,70","607,40"
"Verduras, hortaliças e derivados","Batata, inglesa, cozida","51,59","1,16","11,94","1,34","0,19","2,29"
"Verduras, hortaliças e derivados","Batata, inglesa, crua","64,37","1,77","14,69","1,16","0,36",Tr
"Verduras, hortaliças e derivados","Batata, inglesa, frita","267,16","4,97","35,64","8,06","0,44","1,91"
"Verduras, hortaliças e derivados","Batata, inglesa, sauté","67,89","1,29","14,09","1,38","0,25","8,18"
"Verduras, hortaliças e derivados","Berinjela, cozida","18,85","0,68","4,47","2,52","0,22","1,33"
"Verduras, hortaliças e derivados","Berinjela, crua","19,63","1,22","4,43","2,87","0,25",Tr
"Verduras, hortaliças e derivados","Beterraba, cozida","32,15","1,29","7,23","1,88","0,24","22,76"
"Verduras, hortaliças e derivados","Beterraba, crua","48,83","1,95","11,11","3,37","0,32","9,72"
"Verduras, hortaliças e derivados","Biscoito, polvilho doce","437,55","1,29","80,54","1,16","1,77","97,80"
"Verduras, hortaliças e derivados","Brócolis, cozido","24,64","2,13","4,37","3,42","0,54","2,12"
"Verduras, hortaliças e derivados","Brócolis, cru","25,50","3,64","4,03","2,88","0,61","3,33"
"Verduras, hortaliças e derivados","Cará, cozido","77,58","1,53","18,85","2,63","0,31","1,01"
"Verduras, hortaliças e derivados","Cará, cru","95,63","2,28","22,95","7,27","0,21",Tr
"Verduras, hortaliças e derivados","Caruru, cru","34,03","3,20","5,97","4,47","4,46","13,67"
"Verduras, hortaliças e derivados","Catalonha, crua","23,89","1,87","4,75","2,05","3,08","9,39"
"Verduras, hortaliças e derivados","Catalonha, refogada","63,45","1,95","4,81","3,65","1,18","24,72"
"Verduras, hortaliças e derivados","Cebola, crua","39,42","1,71","8,85","2,19","0,20","0,60"
"Verduras, hortaliças e derivados","Cebolinha, crua","19,52","1,87","3,37","3,55","0,65","1,60"
"Verduras, hortaliças e derivados","Cenoura, cozida","29,86","0,85","6,69","2,63","0,09","7,88"
"Verduras, hortaliças e derivados","Cenoura, crua","34,14","1,32","7,66","3,18","0,18","3,33"
"Verduras, hortaliças e derivados","Chicória, crua","13,84","1,14","2,85","2,20","0,45","13,52"
"Verduras, hortaliças e derivados","Chuchu, cozido","18,54","0,41","4,79","1,04","0,06","1,81"
"Verduras, hortaliças e derivados","Chuchu, cru","16,98","0,70","4,14","1,28","0,17",Tr
"Verduras, hortaliças e derivados","Coentro, folhas desidratadas","309,07","20,88","47,96","37,29","81,43","18,26"
"Verduras, hortaliças e derivados","Couve, manteiga, crua","27,06","2,87","4,33","3,12","0,45","6,17"
"Verduras, hortaliças e derivados","Couve, manteiga, refogada ","90,34","1,67","8,71","5,74","0,50","11,45"
"Verduras, hortaliças e derivados","Couve-flor, crua","22,56","1,91","4,52","2,35","0,53","3,44"
"Verduras, hortaliças e derivados","Couve-flor, cozida","19,11","1,24","3,88","2,13","0,13","1,79"
"Verduras, hortaliças e derivados","Espinafre, Nova Zelândia, cru","16,10","2,00","2,57","2,10","0,36","17,09"
"Verduras, hortaliças e derivados","Espinafre, Nova Zelândia, refogado","67,25","2,72","4,24","2,52","0,65","47,02"
"Verduras, hortaliças e derivados","Farinha, de mandioca, crua","360,87","1,55","87,90","6,39","1,09","1,02"
"Verduras, hortaliças e derivados","Farinha, de mandioca, torrada","365,27","1,23","89,19","6,54","1,19","10,31"
"Verduras, hortaliças e derivados","Farinha, de puba","360,18","1,62","87,29","4,24","1,43","3,61"
"Verduras, hortaliças e derivados","Fécula, de mandioca","330,85","0,52","81,15","0,65","0,11","2,45"
"Verduras, hortaliças e derivados","Feijão, broto, cru","38,72","4,17","7,76","1,97","0,82","1,79"
"Verduras, hortaliças e derivados","Inhame, cru","96,70","2,05","23,23","1,65","0,36",Tr
"Verduras, hortaliças e derivados","Jiló, cru","27,37","1,40","6,19","4,83","0,34",Tr
"Verduras, hortaliças e derivados","Jurubeba, crua","125,81","4,41","23,06","23,92","0,95","0,77"
"Verduras, hortaliças e derivados","Mandioca, cozida","125,36","0,58","30,09","1,56","0,07","0,91"
"Verduras, hortaliças e derivados","Mandioca, crua","151,42","1,13","36,17","1,88","0,27","2,15"
"Verduras, hortaliças e derivados","Mandioca, farofa, temperada","405,69","2,06","80,30","7,82","1,36","574,51"
"Verduras, hortaliças e derivados","Mandioca, frita","300,06","1,38","50,25","1,87","0,32","8,94"
"Verduras, hortaliças e derivados","Manjericão, cru","21,15","1,99","3,64","3,31","0,97","3,89"
"Verduras, hortaliças e derivados","Maxixe, cru","13,75","1,39","2,73","2,19","0,35","10,99"
"Verduras, hortaliças e derivados","Mostarda, folha, crua","18,11","2,11","3,24","1,89","1,10","2,88"
"Verduras, hortaliças e derivados","Nhoque, batata, cozido","180,78","5,86","36,78","1,78","1,65","7,07"
"Verduras, hortaliças e derivados","Nabo, cru","18,19","1,20","4,15","2,64","0,22","2,46"
"Verduras, hortaliças e derivados","Palmito, juçara, em conserva","23,20","1,79","4,33","3,15","0,30","513,82"
"Verduras, hortaliças e derivados","Palmito, pupunha, em conserva","29,43","2,46","5,51","2,55","0,18","562,69"
"Verduras, hortaliças e derivados","Pão, de queijo, assado","363,08","5,12","34,24","0,56","0,28","773,49"
"Verduras, hortaliças e derivados","Pão, de queijo, cru","294,54","3,65","38,51","0,98","0,29","404,99"
"Verduras, hortaliças e derivados","Pepino, cru","9,53","0,87","2,04","1,12","0,15",Tr
"Verduras, hortaliças e derivados","Pimentão, amarelo, cru","27,93","1,22","5,96","1,92","0,41",Tr
"Verduras, hortaliças e derivados","Pimentão, verde, cru","21,29","1,05","4,89","2,56","0,41",Tr
"Verduras, hortaliças e derivados","Pimentão, vermelho, cru","23,28","1,04","5,47","1,59","0,33",Tr
"Verduras, hortaliças e derivados","Polvilho, doce","351,23","0,43","86,77","0,24","0,51","1,58"
"Verduras, hortaliças e derivados","Quiabo, cru","29,94","1,92","6,37","4,55","0,37","0,89"
"Verduras, hortaliças e derivados","Rabanete, cru","13,74","1,39","2,73","2,19","0,35","10,99"
"Verduras, hortaliças e derivados","Repolho, branco, cru","17,12","0,88","3,86","1,89","0,15","3,64"
"Verduras, hortaliças e derivados","Repolho, roxo, cru","30,91","1,91","7,20","1,97","0,52","2,34"
"Verduras, hortaliças e derivados","Repolho, roxo, refogado","41,77","1,80","7,56","1,75","0,47","3,42"
"Verduras, hortaliças e derivados","Rúcula, crua","13,13","1,77","2,22","1,74","0,94","9,42"
"Verduras, hortaliças e derivados","Salsa, crua","33,42","3,26","5,71","1,85","3,18","2,30"
"Verduras, hortaliças e derivados","Seleta de legumes, enlatada","56,53","3,42","12,67","3,09","1,06","398,14"
"Verduras, hortaliças e derivados","Serralha, crua","30,40","2,67","4,95","3,52","1,27","19,35"
"Verduras, hortaliças e derivados","Taioba, crua","34,21","2,90","5,43","4,45","1,91","1,16"
"Verduras, hortaliças e derivados","Tomate, com semente, cru","15,34","1,10","3,14","1,17","0,24","1,02"
"Verduras, hortaliças e derivados","Tomate, extrato","60,93","2,43","14,96","2,80","2,09","497,93"
"Verduras, hortaliças e derivados","Tomate, molho industrializado","38,45","1,38","7,71","3,12","1,58","418,28"
"Verduras, hortaliças e derivados","Tomate, purê","27,94","1,36","6,89","1,03","1,25","103,93"
"Verduras, hortaliças e derivados","Tomate, salada","20,55","0,81","5,12","2,27","0,29","5,24"
"Verduras, hortaliças e derivados","Vagem, crua","24,90","1,79","5,35","2,38","0,43",Tr
Frutas e derivados,"Abacate, cru","96,15","1,24","6,03","6,31","0,21",Tr
Frutas e derivados,"Abacaxi, cru","48,32","0,86","12,33","0,99","0,26",Tr
Frutas e derivados,"Abacaxi, polpa, congelada","30,59","0,47","7,80","0,33","0,36","1,24"
Frutas e derivados,"Abiu, cru","62,42","0,83","14,93","1,70","0,16",Tr
Frutas e derivados,"Açaí, polpa, com xarope de guaraná e glucose","110,30","0,72","21,46","1,72","0,27","15,10"
Frutas e derivados,"Açaí, polpa, congelada","58,05","0,80","6,21","2,55","0,43","5,18"
Frutas e derivados,"Acerola, crua","33,46","0,91","7,97","1,51","0,22",Tr
Frutas e derivados,"Acerola, polpa, congelada","21,94","0,59","5,54","0,70","0,17","1,28"
Frutas e derivados,"Ameixa, calda, enlatada ","182,85","0,41","46,89","0,52","2,15","2,70"
Frutas e derivados,"Ameixa, crua","52,54","0,77","13,85","2,43","0,10",Tr
Frutas e derivados,"Ameixa, em calda, enlatada, drenada ","177,36","1,03","47,66","4,55","2,70","2,79"
Frutas e derivados,"Atemóia, crua","96,97","0,97","25,33","2,14","0,16","0,79"
Frutas e derivados,"Banana, da terra, crua","128,02","1,43","33,67","1,53","0,29",Tr
Frutas e derivados,"Banana, doce em barra","280,11","2,17","75,67","3,83","0,61","9,88"
Frutas e derivados,"Banana, figo, crua","105,08","1,13","27,80","2,80","0,20",Tr
Frutas e derivados,"Banana, maçã, crua","86,81","1,75","22,34","2,59","0,20",Tr
Frutas e derivados,"Banana, nanica, crua","91,53","1,40","23,85","1,95","0,35",Tr
Frutas e derivados,"Banana, ouro, crua","112,37","1,48","29,34","1,95","0,34",Tr
Frutas e derivados,"Banana, pacova, crua","77,91","1,23","20,31","2,03","0,37","0,94"
Frutas e derivados,"Banana, prata, crua","98,25","1,27","25,96","2,04","0,38",Tr
Frutas e derivados,"Cacau, cru","74,29","0,95","19,41","2,19","0,26","0,70"
Frutas e derivados,"Cajá-Manga, cru","45,58","1,28","11,43","2,58","0,15","1,44"
Frutas e derivados,"Cajá, polpa, congelada","26,33","0,59","6,37","1,36","0,32","6,95"
Frutas e derivados,"Caju, cru","43,07","0,97","10,29","1,68","0,15","2,97"
Frutas e derivados,"Caju, polpa, congelada","36,57","0,48","9,35","0,81","0,15","4,16"
Frutas e derivados,"Caju, suco concentrado, envasado","45,11","0,40","10,73","0,63","0,15","45,04"
Frutas e derivados,"Caqui, chocolate, cru","71,35","0,36","19,33","6,52","0,10","2,18"
Frutas e derivados,"Carambola, crua","45,74","0,87","11,48","2,03","0,20","4,09"
Frutas e derivados,"Ciriguela, crua","75,59","1,40","18,86","3,90","0,36","1,68"
Frutas e derivados,"Cupuaçu, cru","49,42","1,16","10,43","3,12","0,49","3,20"
Frutas e derivados,"Cupuaçu, polpa, congelada","48,80","0,84","11,39","1,59","0,26","0,69"
Frutas e derivados,"Figo, cru","41,45","0,97","10,25","1,79","0,20",Tr
Frutas e derivados,"Figo, enlatado, em calda","184,36","0,56","50,34","1,98","0,50","6,87"
Frutas e derivados,"Fruta-pão, crua","67,05","1,08","17,17","5,55","0,23","0,80"
Frutas e derivados,"Goiaba, branca, com casca, crua","51,74","0,90","12,40","6,33","0,17",Tr
Frutas e derivados,"Goiaba, doce em pasta","268,96","0,58","74,12","3,73","0,40","3,70"
Frutas e derivados,"Goiaba, doce, cascão","285,59","0,41","78,70","4,37","0,40","11,03"
Frutas e derivados,"Goiaba, vermelha, com casca, crua","54,17","1,09","13,01","6,22","0,17",Tr
Frutas e derivados,"Graviola, crua","61,62","0,85","15,84","1,91","0,17","4,16"
Frutas e derivados,"Graviola, polpa, congelada","38,27","0,57","9,78","1,19","0,10","3,05"
Frutas e derivados,"Jabuticaba, crua","58,05","0,61","15,26","2,30","0,09",Tr
Frutas e derivados,"Jaca, crua","87,92","1,40","22,50","2,39","0,38","1,80"
Frutas e derivados,"Jambo, cru","26,91","0,89","6,49","5,07","0,14","21,66"
Frutas e derivados,"Jamelão, cru","41,01","0,55","10,63","1,78","0,05","1,37"
Frutas e derivados,"Kiwi, cru","51,14","1,34","11,50","2,65","0,25",Tr
Frutas e derivados,"Laranja, baía, crua","45,44","0,98","11,47","1,12","0,14",Tr
Frutas e derivados,"Laranja, baía, suco","36,65","0,65","8,70",Tr,"0,06",Tr
Frutas e derivados,"Laranja, da terra, crua","51,47","1,08","12,86","3,98","0,15","0,83"
Frutas e derivados,"Laranja, da terra, suco","40,96","0,67","9,57","1,03","0,09",Tr
Frutas e derivados,"Laranja, lima, crua","45,70","1,06","11,53","1,78","0,12","1,11"
Frutas e derivados,"Laranja, lima, suco","39,34","0,71","9,17","0,42",Tr,Tr
Frutas e derivados,"Laranja, pêra, crua","36,77","1,04","8,95","0,77","0,09",Tr
Frutas e derivados,"Laranja, pêra, suco","32,71","0,74","7,55",Tr,Tr,Tr
Frutas e derivados,"Laranja, valência, crua","46,11","0,77","11,72","1,73","0,09","0,63"
Frutas e derivados,"Laranja, valência, suco","36,20","0,48","8,55","0,42",Tr,Tr
Frutas e derivados,"Limão, cravo, suco","14,10","0,33","5,25",Tr,"0,08",Tr
Frutas e derivados,"Limão, galego, suco","22,23","0,57","7,32",Tr,"0,05",Tr
Frutas e derivados,"Limão, tahiti, cru","31,82","0,94","11,08","1,18","0,18","1,25"
Frutas e derivados,"Maçã, Argentina, com casca, crua","62,53","0,23","16,59","2,03","0,05","1,32"
Frutas e derivados,"Maçã, Fuji, com casca, crua","55,52","0,29","15,15","1,35","0,09",Tr
Frutas e derivados,"Macaúba, crua","404,28","2,08","13,95","13,44","0,81","0,65"
Frutas e derivados," Mamão, doce em calda, drenado","195,63","0,19","54,00","1,31","0,11","2,91"
Frutas e derivados,"Mamão, Formosa, cru","45,34","0,82","11,55","1,81","0,23","3,26"
Frutas e derivados,"Mamão, Papaia, cru","40,16","0,46","10,44","1,04","0,19","1,63"
Frutas e derivados," Mamão verde, doce em calda, drenado","209,38","0,32","57,64","1,23","0,15","4,74"
Frutas e derivados,"Manga, Haden, crua","63,50","0,41","16,66","1,58","0,10","0,55"
Frutas e derivados,"Manga, Palmer, crua","72,49","0,41","19,35","1,63","0,09","1,86"
Frutas e derivados,"Manga, polpa, congelada","48,31","0,38","12,52","1,07","0,09","6,73"
Frutas e derivados,"Manga, Tommy Atkins, crua","50,69","0,86","12,77","2,07","0,08",Tr
Frutas e derivados,"Maracujá, cru","68,44","1,99","12,26","1,14","0,56","1,58"
Frutas e derivados,"Maracujá, polpa, congelada","38,76","0,81","9,60","0,51","0,29","8,10"
Frutas e derivados,"Maracujá, suco concentrado, envasado","41,97","0,77","9,64","0,35","0,35","21,69"
Frutas e derivados,"Melancia, crua","32,61","0,88","8,14","0,12","0,23",Tr
Frutas e derivados,"Melão, cru","29,37","0,68","7,53","0,25","0,23","11,17"
Frutas e derivados,"Mexerica, Murcote, crua","57,59","0,88","14,86","3,07","0,07","1,17"
Frutas e derivados,"Mexerica, Rio, crua","36,87","0,65","9,34","2,73","0,09","1,82"
Frutas e derivados,"Morango, cru","30,15","0,89","6,82","1,72","0,32",Tr
Frutas e derivados,"Nêspera, crua","42,54","0,31","11,53","2,96","0,15",Tr
Frutas e derivados,"Pequi, cru","204,97","2,34","12,97","19,04","0,27",Tr
Frutas e derivados,"Pêra, Park, crua","60,59","0,24","16,07","2,98","0,32","0,98"
Frutas e derivados,"Pêra, Williams, crua","53,31","0,57","14,02","3,01","0,09",Tr
Frutas e derivados,"Pêssego, Aurora, cru","36,33","0,83","9,32","1,42","0,22",Tr
Frutas e derivados,"Pêssego, enlatado, em calda","63,14","0,71","16,88","1,02","0,60","3,20"
Frutas e derivados,"Pinha, crua","88,47","1,49","22,45","3,36","0,21","1,34"
Frutas e derivados,"Pitanga, crua","41,42","0,93","10,24","3,24","0,40","1,70"
Frutas e derivados,"Pitanga, polpa, congelada","19,11","0,29","4,76","0,74","0,37","5,03"
Frutas e derivados,"Romã, crua","55,74","0,40","15,11","0,44","0,26","0,59"
Frutas e derivados,"Tamarindo, cru","275,70","3,21","72,53","6,45","0,55","0,36"
Frutas e derivados,"Tangerina, Poncã, crua","37,83","0,85","9,61","0,94","0,11",Tr
Frutas e derivados,"Tangerina, Poncã, suco","36,11","0,52","8,80",Tr,Tr,Tr
Frutas e derivados,"Tucumã, cru","262,02","2,09","26,47","12,65","0,57","3,89"
Frutas e derivados,"Umbu, cru","37,02","0,84","9,40","1,98","0,09",Tr
Frutas e derivados,"Umbu, polpa, congelada","33,94","0,51","8,79","1,34","0,21","5,77"
Frutas e derivados,"Uva, Itália, crua","52,87","0,75","13,57","0,92","0,14",Tr
Frutas e derivados,"Uva, Rubi, crua","49,06","0,61","12,70","0,93","0,17","7,92"
Frutas e derivados,"Uva, suco concentrado, envasado","57,66",Tr,"14,71","0,23","0,12","9,58"
Gorduras e óleos,"Azeite, de dendê","884,00",NA,NA,NA,,
Gorduras e óleos,"Azeite, de oliva, extra virgem","884,00",NA,NA,NA,,
Gorduras e óleos,"Manteiga, com sal","725,97","0,41","0,06",NA,"0,15","578,69"
Gorduras e óleos,"Manteiga, sem sal","757,54","0,40","0,00",NA,Tr,"3,85"
Gorduras e óleos,"Margarina, com óleo hidrogenado, com sal (65% de lipídeos)","596,12",Tr,"0,00",NA,"0,09","894,04"
Gorduras e óleos,"Margarina, com óleo hidrogenado, sem sal (80% de lipídeos)","722,53",Tr,"0,00",NA,"0,05","77,89"
Gorduras e óleos,"Margarina, com óleo interesterificado, com sal (65%de lipídeos)","594,45",Tr,"0,00",NA,Tr,"560,80"
Gorduras e óleos,"Margarina, com óleo interesterificado, sem sal (65% de lipídeos)","593,14",Tr,"0,00",NA,"0,08","33,19"
Gorduras e óleos,"Óleo, de babaçu","884,00",NA,NA,NA,,
Gorduras e óleos,"Óleo, de canola","884,00",NA,NA,NA,,
Gorduras e óleos,"Óleo, de girassol","884,00",NA,NA,NA,,
Gorduras e óleos,"Óleo, de milho","884,00",NA,NA,NA,,
Gorduras e óleos,"Óleo, de pequi","884,00",NA,NA,NA,,
Gorduras e óleos,"Óleo, de soja","884,00",NA,NA,NA,,
Pescados e frutos do mar,"Abadejo, filé, congelado, assado","111,62","23,53","0,00",NA,"0,53","334,39"
Pescados e frutos do mar,"Abadejo, filé, congelado,cozido","91,10","19,35","0,00",NA,"0,33","189,34"
Pescados e frutos do mar,"Abadejo, filé, congelado, cru","59,11","13,08","0,00",NA,"0,11","78,52"
Pescados e frutos do mar,"Abadejo, filé, congelado, grelhado","129,64","27,61","0,00",NA,"0,33","305,09"
Pescados e frutos do mar,"Atum, conserva em óleo","165,91","26,19","0,00",NA,"1,23","362,15"
Pescados e frutos do mar,"Atum, fresco, cru","117,50","25,68","0,00",NA,"1,27","30,30"
Pescados e frutos do mar,"Bacalhau, salgado, cru","135,89","29,04","0,00",NA,"0,85","13585,06"
Pescados e frutos do mar,"Bacalhau, salgado, refogado","139,66","23,98","1,22",*,"0,15","1256,28"
Pescados e frutos do mar,"Cação, posta, com farinha de trigo, frita","208,33","24,95","3,10","0,54","1,00","160,03"
Pescados e frutos do mar,"Cação, posta, cozida","116,01","25,59","0,00",NA,"0,32","114,91"
Pescados e frutos do mar,"Cação, posta, crua","83,33","17,85","0,00",NA,"0,20","176,02"
Pescados e frutos do mar,"Camarão, Rio Grande, grande, cozido","90,01","18,97","0,00",NA,"1,28","366,55"
Pescados e frutos do mar,"Camarão, Rio Grande, grande, cru","47,18","9,99","0,00",NA,"0,67","201,13"
Pescados e frutos do mar,"Camarão, Sete Barbas, sem cabeça, com casca, frito","231,25","18,39","2,88",NA,"2,44","99,06"
Pescados e frutos do mar,"Caranguejo, cozido","82,72","18,48","0,00",NA,"2,86","360,11"
Pescados e frutos do mar,"Corimba, cru","128,16","17,37","-0,03",NA,"0,50","47,01"
Pescados e frutos do mar,"Corimbatá, assado","261,45","19,90","0,00",NA,"0,97","40,43"
Pescados e frutos do mar,"Corimbatá, cozido","238,70","20,13","0,00",NA,"0,62","37,17"
Pescados e frutos do mar,"Corvina de água doce, crua","101,01","18,92","0,00",NA,"0,26","45,09"
Pescados e frutos do mar,"Corvina do mar, crua","94,00","18,57","0,00",NA,"0,38","67,97"
Pescados e frutos do mar,"Corvina grande, assada","146,53","26,77","0,00",NA,"0,54","85,35"
Pescados e frutos do mar,"Corvina grande, cozida","100,08","23,44","0,00",NA,"0,58","68,39"
Pescados e frutos do mar,"Dourada de água doce, fresca","131,21","18,81","0,00",NA,"0,15","40,30"
Pescados e frutos do mar,"Lambari, congelado, cru","130,84","16,81","0,00",NA,"0,91","47,92"
Pescados e frutos do mar,"Lambari, congelado, frito","326,87","28,43","0,00",NA,"0,81","64,55"
Pescados e frutos do mar,"Lambari, fresco, cru","151,60","15,65","0,00",NA,"0,63","41,11"
Pescados e frutos do mar,"Manjuba, com farinha de trigo, frita","343,55","23,45","10,24","0,36","3,04","36,52"
Pescados e frutos do mar,"Manjuba, frita","349,33","30,14","0,00",NA,"0,92","40,61"
Pescados e frutos do mar,"Merluza, filé, assado","121,91","26,60","0,00",NA,"0,37","119,95"
Pescados e frutos do mar,"Merluza, filé, cru","89,13","16,61","0,00",NA,"0,19","79,50"
Pescados e frutos do mar,"Merluza, filé, frito","191,63","26,93","0,00",NA,"0,38","89,96"
Pescados e frutos do mar,"Pescada, branca, crua","110,88","16,26","0,00",NA,"0,16","76,17"
Pescados e frutos do mar,"Pescada, branca, frita","223,04","27,36","0,00",NA,"0,51","107,23"
Pescados e frutos do mar,"Pescada, filé, com farinha de trigo, frito","283,43","21,44","5,03",Tr,"0,94","90,51"
Pescados e frutos do mar,"Pescada, filé, cru","107,21","16,65","0,00",NA,"0,17","77,50"
Pescados e frutos do mar,"Pescada, filé, frito","154,27","28,59","0,00",NA,"0,32","114,91"
Pescados e frutos do mar,"Pescada, filé, molho escabeche","141,96","11,75","5,02","0,78","1,47","51,29"
Pescados e frutos do mar,"Pescadinha, crua","76,41","15,48","0,00",NA,"0,55","120,34"
Pescados e frutos do mar,"Pintado, assado","191,56","36,45","0,00",NA,"0,78","80,95"
Pescados e frutos do mar,"Pintado, cru","91,08","18,56","0,00",NA,"0,22","43,34"
Pescados e frutos do mar,"Pintado, grelhado","152,19","30,80","0,00",NA,"0,48","53,09"
Pescados e frutos do mar,"Porquinho, cru","93,02","20,49","0,00",NA,"0,39","66,73"
Pescados e frutos do mar,"Salmão, filé, com pele, fresco,  grelhado","228,73","23,92","0,00",NA,"0,54","85,14"
Pescados e frutos do mar,"Salmão, sem pele, fresco, cru","169,78","19,25","0,00",NA,"0,24","64,24"
Pescados e frutos do mar,"Salmão, sem pele, fresco, grelhado","242,71","26,14","0,00",NA,"0,37","95,81"
Pescados e frutos do mar,"Sardinha, assada","164,35","32,18","0,00",NA,"1,25","74,47"
Pescados e frutos do mar,"Sardinha, conserva em óleo","284,98","15,94","0,00",NA,"3,54","665,84"
Pescados e frutos do mar,"Sardinha, frita","257,04","33,38","0,00",NA,"1,12","60,10"
Pescados e frutos do mar,"Sardinha, inteira, crua","113,90","21,08","0,00",NA,"1,34","60,39"
Pescados e frutos do mar,"Tucunaré, filé, congelado, cru","87,69","17,96","-0,05",NA,"0,27","56,55"
Carnes e derivados,Apresuntado,"128,86","13,45","2,86",NA,"0,88","942,93"
Carnes e derivados,"Caldo de carne, tablete","240,62","7,82","15,05","0,58",Tr,"22179,67"
Carnes e derivados,"Caldo de galinha, tablete","251,45","6,28","10,65","11,81","0,69","22299,90"
Carnes e derivados,"Carne, bovina, acém, moído, cozido","212,42","26,69","0,00",NA,"2,65","52,36"
Carnes e derivados,"Carne, bovina, acém, moído, cru","136,56","19,42","0,00",NA,"1,76","48,61"
Carnes e derivados,"Carne, bovina, acém, sem gordura, cozido","214,61","27,27","0,00",NA,"2,37","56,17"
Carnes e derivados,"Carne, bovina, acém, sem gordura, cru","144,03","20,82","0,00",NA,"1,51","49,85"
Carnes e derivados,"Carne, bovina, almôndegas, cruas","189,26","12,31","9,79",*,"1,56","621,25"
Carnes e derivados,"Carne, bovina, almôndegas, fritas","271,81","18,16","14,29",*,"1,91","1030,26"
Carnes e derivados,"Carne, bovina, bucho, cozido","133,02","21,64","0,00",NA,"0,58","38,20"
Carnes e derivados,"Carne, bovina, bucho, cru","137,30","20,53","0,00",NA,"0,47","45,00"
Carnes e derivados,"Carne, bovina, capa de contra-filé, com gordura, crua","216,91","19,20","0,00",NA,"1,51","57,54"
Carnes e derivados,"Carne, bovina, capa de contra-filé, com gordura, grelhada","311,70","30,69","0,00",NA,"2,59","80,51"
Carnes e derivados,"Carne, bovina, capa de contra-filé, sem gordura, crua","131,06","21,54","0,00",NA,"2,04","79,17"
Carnes e derivados,"Carne, bovina, capa de contra-filé, sem gordura, grelhada","239,44","35,06","-0,01",NA,"2,84","82,75"
Carnes e derivados,"Carne, bovina, charque, cozido","262,78","36,36","0,00",NA,"3,45","1442,70"
Carnes e derivados,"Carne, bovina, charque, cru","248,86","22,71","0,00",NA,"1,53","5875,03"
Carnes e derivados,"Carne, bovina, contra-filé, à milanesa","351,59","20,61","12,17","0,37","2,90","77,09"
Carnes e derivados,"Carne, bovina, contra-filé de costela, cru","202,44","19,80","0,00",NA,"1,56","38,52"
Carnes e derivados,"Carne, bovina, contra-filé de costela, grelhado","274,91","29,88","0,00",NA,"2,79","50,88"
Carnes e derivados,"Carne, bovina, contra-filé, com gordura, cru","205,86","21,15","0,00",NA,"1,31","44,13"
Carnes e derivados,"Carne, bovina, contra-filé, com gordura, grelhado","278,05","32,40","0,00",NA,"2,35","57,07"
Carnes e derivados,"Carne, bovina, contra-filé, sem gordura, cru","156,62","24,00","0,00",NA,"1,68","52,89"
Carnes e derivados,"Carne, bovina, contra-filé, sem gordura, grelhado","193,69","35,88","0,00",NA,"2,35","57,51"
Carnes e derivados,"Carne, bovina, costela, assada","373,04","28,81","0,00",NA,"2,18","91,86"
Carnes e derivados,"Carne, bovina, costela, crua","357,72","16,71","0,00",NA,"1,20","70,00"
Carnes e derivados,"Carne, bovina, coxão duro, sem gordura, cozido","216,62","31,88","0,00",NA,"1,70","41,10"
Carnes e derivados,"Carne, bovina, coxão duro, sem gordura, cru","147,97","21,51","0,00",NA,"1,89","48,55"
Carnes e derivados,"Carne, bovina, coxão mole, sem gordura, cozido","218,68","32,38","0,00",NA,"2,56","43,50"
Carnes e derivados,"Carne, bovina, coxão mole, sem gordura, cru","169,07","21,23","0,00",NA,"1,89","60,53"
Carnes e derivados,"Carne, bovina, cupim, assado","330,10","28,63","0,00",NA,"2,70","71,59"
Carnes e derivados,"Carne, bovina, cupim, cru","221,40","19,54","0,00",NA,"1,13","46,86"
Carnes e derivados,"Carne, bovina, fígado, cru","141,05","20,71","1,11",NA,"5,63","75,92"
Carnes e derivados,"Carne, bovina, fígado, grelhado","225,03","29,86","4,20",NA,"5,79","82,19"
Carnes e derivados,"Carne, bovina, filé mingnon, sem gordura, cru","142,86","21,60","0,00",NA,"1,92","48,86"
Carnes e derivados,"Carne, bovina, filé mingnon, sem gordura, grelhado","219,70","32,80","0,00",NA,"2,87","57,91"
Carnes e derivados,"Carne, bovina, flanco, sem gordura, cozido","195,58","29,38","0,00",NA,"2,77","41,68"
Carnes e derivados,"Carne, bovina, flanco, sem gordura, cru","141,46","20,00","0,00",NA,"1,58","54,22"
Carnes e derivados,"Carne, bovina, fraldinha, com gordura, cozida","338,45","24,24","0,00",NA,"2,03","38,78"
Carnes e derivados,"Carne, bovina, fraldinha, com gordura, crua","220,72","17,58","0,00",NA,"1,54","51,20"
Carnes e derivados,"Carne, bovina, lagarto, cozido","222,47","32,86","0,00",NA,"1,85","47,54"
Carnes e derivados,"Carne, bovina, lagarto, cru","134,86","20,54","0,00",NA,"1,32","53,56"
Carnes e derivados,"Carne, bovina, língua, cozida","314,90","21,37","0,00",NA,"2,07","59,06"
Carnes e derivados,"Carne, bovina, língua, crua","215,25","17,09","0,00",NA,"1,70","73,05"
Carnes e derivados,"Carne, bovina, maminha, crua","152,77","20,93","0,00",NA,"1,15","37,42"
Carnes e derivados,"Carne, bovina, maminha, grelhada","153,09","30,74","0,00",NA,"2,43","58,12"
Carnes e derivados,"Carne, bovina, miolo de alcatra, sem gordura, cru","162,87","21,61","0,00",NA,"1,97","43,05"
Carnes e derivados,"Carne, bovina, miolo de alcatra, sem gordura, grelhado","241,36","31,93","0,00",NA,"3,17","51,62"
Carnes e derivados,"Carne, bovina, músculo, sem gordura, cozido","193,80","31,23","0,00",NA,"2,36","61,79"
Carnes e derivados,"Carne, bovina, músculo, sem gordura, cru","141,58","21,56","0,00",NA,"1,86","66,08"
Carnes e derivados,"Carne, bovina, paleta, com gordura, crua","158,71","21,41","0,00",NA,"1,76","64,90"
Carnes e derivados,"Carne, bovina, paleta, sem gordura, cozida","193,65","29,72","0,00",NA,"2,17","57,62"
Carnes e derivados,"Carne, bovina, paleta, sem gordura, crua","140,94","21,03","0,00",NA,"1,93","65,86"
Carnes e derivados,"Carne, bovina, patinho, sem gordura, cru","133,47","21,72","0,00",NA,"1,78","49,13"
Carnes e derivados,"Carne, bovina, patinho, sem gordura, grelhado","219,26","35,90","0,00",NA,"3,03","60,29"
Carnes e derivados,"Carne, bovina, peito, sem gordura, cozido","338,47","22,25","0,00",NA,"1,60","55,71"
Carnes e derivados,"Carne, bovina, peito, sem gordura, cru","259,28","17,56","0,00",NA,"1,31","63,76"
Carnes e derivados,"Carne, bovina, picanha, com gordura, crua","212,88","18,82","0,00",NA,"1,71","37,62"
Carnes e derivados,"Carne, bovina, picanha, com gordura, grelhada","288,77","26,42","0,00",NA,"3,20","60,00"
Carnes e derivados,"Carne, bovina, picanha, sem gordura, crua","133,52","21,25","0,00",NA,"2,13","61,15"
Carnes e derivados,"Carne, bovina, picanha, sem gordura, grelhada","238,47","31,91","0,00",NA,"3,55","60,66"
Carnes e derivados,"Carne, bovina, seca, cozida","312,80","26,93","0,00",NA,"1,88","1943,18"
Carnes e derivados,"Carne, bovina, seca, crua","312,75","19,66","0,00",NA,"1,33","4439,55"
Carnes e derivados,"Coxinha de frango, frita","283,05","9,61","34,52","4,97","1,26","532,13"
Carnes e derivados,"Croquete, de carne, cru","245,77","12,04","13,95",,"2,51","710,64"
Carnes e derivados,"Croquete, de carne, frito","346,74","16,86","18,15",,"2,31","916,41"
Carnes e derivados,"Empada de frango, pré-cozida, assada","358,19","6,94","47,49","2,16","1,19","524,93"
Carnes e derivados,"Empada, de frango, pré-cozida","377,48","7,34","35,53","2,22","0,75","770,73"
Carnes e derivados,"Frango, asa, com pele, crua","213,19","18,10","0,00",NA,"0,57","96,30"
Carnes e derivados,"Frango, caipira, inteiro, com pele, cozido","242,89","23,88","0,00",NA,"1,66","56,09"
Carnes e derivados,"Frango, caipira, inteiro, sem pele, cozido","195,76","29,58","0,00",NA,"2,12","53,24"
Carnes e derivados,"Frango, coração, cru","221,50","12,58","0,00",NA,"4,09","95,06"
Carnes e derivados,"Frango, coração, grelhado","207,27","22,44","0,61",NA,"6,53","128,24"
Carnes e derivados,"Frango, coxa, com pele, assada","215,12","28,49","0,06",NA,"1,22","94,84"
Carnes e derivados,"Frango, coxa, com pele, crua","161,47","17,09","0,00",NA,"0,70","94,96"
Carnes e derivados,"Frango, coxa, sem pele, cozida","167,43","26,86","0,00",NA,"0,83","64,34"
Carnes e derivados,"Frango, coxa, sem pele, crua","119,95","17,81","0,02",NA,"0,78","98,37"
Carnes e derivados,"Frango, fígado, cru","106,48","17,59","-0,02",NA,"9,54","82,43"
Carnes e derivados,"Frango, filé, à milanesa","220,87","28,46","7,51","1,13","1,08","122,33"
Carnes e derivados,"Frango, inteiro, com pele, cru","226,32","16,44","0,00",NA,"0,62","62,88"
Carnes e derivados,"Frango, inteiro, sem pele, assado","187,34","28,03","0,00",NA,"0,55","70,27"
Carnes e derivados,"Frango, inteiro, sem pele, cozido","170,39","24,99","0,00",NA,"0,46","50,89"
Carnes e derivados,"Frango, inteiro, sem pele, cru","129,10","20,59","0,00",NA,"0,54","72,96"
Carnes e derivados,"Frango, peito, com pele, assado","211,68","33,42","0,00",NA,"0,48","55,70"
Carnes e derivados,"Frango, peito, com pele, cru","149,47","20,78","0,00",NA,"0,44","62,31"
Carnes e derivados,"Frango, peito, sem pele, cozido","162,87","31,47","0,00",NA,"0,34","36,17"
Carnes e derivados,"Frango, peito, sem pele, cru","119,16","21,53","0,00",NA,"0,43","56,14"
Carnes e derivados,"Frango, peito, sem pele, grelhado","159,19","32,03","0,00",NA,"0,33","50,25"
Carnes e derivados,"Frango, sobrecoxa, com pele, assada","259,60","28,70","0,00",NA,"1,21","95,94"
Carnes e derivados,"Frango, sobrecoxa, com pele, crua","254,53","15,46","0,00",NA,"0,71","68,27"
Carnes e derivados,"Frango, sobrecoxa, sem pele, assada","232,88","29,18","0,00",NA,"1,17","106,08"
Carnes e derivados,"Frango, sobrecoxa, sem pele, crua","161,80","17,57","0,00",NA,"0,90","79,75"
Carnes e derivados,"Hambúrguer, bovino, cru","214,84","13,16","4,15",*,"1,89","869,46"
Carnes e derivados,"Hambúrguer, bovino, frito","258,28","19,97","6,32",*,"3,02","1251,80"
Carnes e derivados,"Hambúrguer, bovino, grelhado","209,83","13,16","11,33",*,"2,64","1090,33"
Carnes e derivados,"Lingüiça, frango, crua","218,11","14,24","0,00",NA,"0,47","1125,81"
Carnes e derivados,"Lingüiça, frango, frita","245,46","18,32","0,00",NA,"0,79","1373,89"
Carnes e derivados,"Lingüiça, frango, grelhada","243,66","18,19","0,00",NA,"0,72","1351,49"
Carnes e derivados,"Lingüiça, porco, crua","227,20","16,06","0,00",NA,"0,44","1175,72"
Carnes e derivados,"Lingüiça, porco, frita","279,54","20,45","0,00",NA,"0,87","1431,59"
Carnes e derivados,"Lingüiça, porco, grelhada","296,49","23,17","0,00",NA,"1,01","1455,86"
Carnes e derivados,Mortadela,"268,82","11,95","5,82",NA,"1,47","1212,17"
Carnes e derivados,"Peru, congelado, assado","163,07","26,20","0,00",NA,"0,59","627,88"
Carnes e derivados,"Peru, congelado, cru","93,72","18,08","0,00",NA,"0,87","710,68"
Carnes e derivados,"Porco, bisteca, crua","164,12","21,50","0,00",NA,"0,53","54,29"
Carnes e derivados,"Porco, bisteca, frita","311,17","33,75","0,00",NA,"0,82","63,03"
Carnes e derivados,"Porco, bisteca, grelhada","280,08","28,89","0,00",NA,"0,86","51,45"
Carnes e derivados,"Porco, costela, assada","402,17","30,22","0,00",NA,"1,04","62,68"
Carnes e derivados,"Porco, costela, crua","255,61","18,00","0,00",NA,"0,90","87,98"
Carnes e derivados,"Porco, lombo, assado","210,23","35,73","0,00",NA,"0,46","38,92"
Carnes e derivados,"Porco, lombo, cru","175,63","22,60","0,00",NA,"0,47","53,07"
Carnes e derivados,"Porco, orelha, salgada, crua","258,49","18,52","0,00",NA,"1,41","615,60"
Carnes e derivados,"Porco, pernil, assado","262,26","32,13","0,00",NA,"1,25","62,41"
Carnes e derivados,"Porco, pernil, cru","186,06","20,13","0,00",NA,"0,89","101,89"
Carnes e derivados,"Porco, rabo, salgado, cru","377,42","15,58","0,00",NA,"0,62","1157,67"
Carnes e derivados,"Presunto, com capa de gordura","127,85","14,37","1,40",NA,"0,68","1020,77"
Carnes e derivados,"Presunto, sem capa de gordura","93,74","14,29","2,15",NA,"0,83","1039,19"
Carnes e derivados,"Quibe, assado","136,23","14,59","12,86","1,90","2,15","39,89"
Carnes e derivados,"Quibe, cru","109,49","12,35","10,77","1,65","1,65","38,77"
Carnes e derivados,"Quibe, frito","253,83","14,89","12,34",,"1,95","835,83"
Carnes e derivados,Salame,"397,84","25,81","2,91",NA,"1,25","1574,17"
Carnes e derivados,"Toucinho, cru","592,53","11,48","0,00",NA,"0,44","49,59"
Carnes e derivados,"Toucinho, frito","696,56","27,28","0,00",NA,"0,87","124,85"
Leite e derivados,"Bebida láctea, pêssego","55,16","2,13","7,57","0,29",Tr,"46,26"
Leite e derivados,Creme de Leite,"221,48","1,51","4,51",NA,"0,30","51,72"
Leite e derivados,"Iogurte, natural","51,49","4,06","1,92",NA,Tr,"51,62"
Leite e derivados,"Iogurte, natural, desnatado","41,49","3,83","5,77",NA,Tr,"59,64"
Leite e derivados,"Iogurte, sabor abacaxi",*,*,*,*,*,*
Leite e derivados,"Iogurte, sabor morango","69,57","2,71","9,69","0,22",Tr,"37,66"
Leite e derivados,"Iogurte, sabor pêssego","67,85","2,53","9,43","0,72","0,05","36,96"
Leite e derivados,"Leite, condensado","312,57","7,67","57,00",NA,"0,13","93,80"
Leite e derivados,"Leite, de cabra","66,42","3,07","5,25",NA,"0,10","73,95"
Leite e derivados,"Leite, de vaca, achocolatado","82,82","2,10","14,16","0,65","0,46","71,74"
Leite e derivados,"Leite, de vaca, desnatado, pó","361,61","34,69","53,04",NA,"0,93","431,67"
Leite e derivados,"Leite, de vaca, desnatado, UHT",*,*,*,NA,Tr,"51,14"
Leite e derivados,"Leite, de vaca, integral",*,*,*,NA,Tr,"63,76"
Leite e derivados,"Leite, de vaca, integral, pó","496,65","25,42","39,18",NA,"0,52","323,20"
Leite e derivados,"Leite, fermentado","69,62","1,89","15,67",NA,Tr,"33,43"
Leite e derivados,"Queijo, minas, frescal","264,27","17,41","3,24",NA,"0,93","31,23"
Leite e derivados,"Queijo, minas, meia cura","320,72","21,21","3,57",NA,"0,22","501,17"
Leite e derivados,"Queijo, mozarela","329,87","22,65","3,05",NA,"0,31","581,36"
Leite e derivados,"Queijo, parmesão","452,96","35,55","1,66",NA,"0,53","1844,08"
Leite e derivados,"Queijo, pasteurizado","303,08","9,36","5,68",NA,"0,27","780,43"
Leite e derivados,"Queijo, petit suisse, morango","121,11","5,79","18,46",NA,"0,14","412,47"
Leite e derivados,"Queijo, prato","359,88","22,66","1,88",NA,"0,28","579,77"
Leite e derivados,"Queijo, requeijão, cremoso","256,58","9,63","2,43",NA,"0,12","557,92"
Leite e derivados,"Queijo, ricota","139,73","12,60","3,79",NA,"0,14","282,58"
Bebidas (alcoólicas e não alcoólicas),"Bebida isotônica, sabores variados","25,61","0,00","6,40",NA,"0,67","44,08"
Bebidas (alcoólicas e não alcoólicas),"Café, infusão 10%","9,07","0,71","1,48",NA,Tr,"1,03"
Bebidas (alcoólicas e não alcoólicas),"Cana, aguardente 1","215,66",,,NA,Tr,"3,15"
Bebidas (alcoólicas e não alcoólicas),"Cana, caldo de","65,34",Tr,"18,15","0,14","0,75",Tr
Bebidas (alcoólicas e não alcoólicas),"Cerveja, pilsen 2","40,72","0,56","3,32",NA,Tr,"4,23"
Bebidas (alcoólicas e não alcoólicas),"Chá, erva-doce, infusão 5%","1,40","0,00","0,39",NA,Tr,"0,63"
Bebidas (alcoólicas e não alcoólicas),"Chá, mate, infusão 5%","2,73","0,00","0,64",NA,Tr,Tr
Bebidas (alcoólicas e não alcoólicas),"Chá, preto, infusão 5%","2,25","0,00","0,63",NA,Tr,Tr
Bebidas (alcoólicas e não alcoólicas),"Coco, água de","21,51","0,00","5,28","0,13",Tr,"1,78"
Bebidas (alcoólicas e não alcoólicas),"Refrigerante, tipo água tônica","30,78","0,00","7,95",NA,Tr,"8,29"
Bebidas (alcoólicas e não alcoólicas),"Refrigerante, tipo cola","33,51","0,00","8,66",NA,Tr,"7,12"
Bebidas (alcoólicas e não alcoólicas),"Refrigerante, tipo guaraná","38,70","0,00","10,00",NA,Tr,"9,01"
Bebidas (alcoólicas e não alcoólicas),"Refrigerante, tipo laranja","45,63","0,00","11,79",NA,Tr,"9,27"
Bebidas (alcoólicas e não alcoólicas),"Refrigerante, tipo limão","39,72","0,00","10,26",NA,Tr,"8,80"
Ovos e derivados,"Omelete, de queijo","268,01","15,57","0,44",NA,"1,37","216,05"
Ovos e derivados,"Ovo, de codorna, inteiro, cru","176,89","13,69","0,77",NA,"3,35","128,99"
Ovos e derivados,"Ovo, de galinha, clara, cozida/10minutos","59,44","13,45","0,00",NA,"0,08","180,54"
Ovos e derivados,"Ovo, de galinha, gema, cozida/10minutos","352,67","15,90","1,56",NA,"2,92","44,91"
Ovos e derivados,"Ovo, de galinha, inteiro, cozido/10minutos","145,70","13,29","0,61",NA,"1,52","145,90"
Ovos e derivados,"Ovo, de galinha, inteiro, cru","143,11","13,03","1,64",NA,"1,56","167,91"
Ovos e derivados,"Ovo, de galinha, inteiro, frito","240,19","15,62","1,19",NA,"2,10","166,11"
Produtos açucarados,"Achocolatado, pó","401,02","4,20","91,18","3,89","5,36","64,79"
Produtos açucarados,"Açúcar, cristal","386,85","0,32","99,61",NA,"0,16",Tr
Produtos açucarados,"Açúcar, mascavo","368,55","0,76","94,45",NA,"8,30","25,20"
Produtos açucarados,"Açúcar, refinado","386,57","0,32","99,54",NA,"0,11","12,16"
Produtos açucarados,"Chocolate, ao leite","539,59","7,22","59,58","2,17","1,58","77,10"
Produtos açucarados,"Chocolate, ao leite, com castanha do Pará","558,88","7,41","55,38","2,46","1,47","64,05"
Produtos açucarados,"Chocolate, ao leite, dietético","556,82","6,90","56,32","2,85","3,31","84,71"
Produtos açucarados,"Chocolate, meio amargo","474,92","4,86","62,42","4,94","3,61","8,87"
Produtos açucarados,Cocada branca,"448,85","1,12","81,38","3,57","1,24","28,99"
Produtos açucarados,"Doce, de abóbora, cremoso","198,94","0,92","54,61","2,28","0,85",Tr
Produtos açucarados,"Doce, de leite, cremoso","306,31","5,48","59,49",NA,"0,07","120,09"
Produtos açucarados,"Geléia, mocotó, natural","106,09","2,13","24,23",NA,"0,12","42,68"
Produtos açucarados,Glicose de milho,"292,12","0,00","79,38",NA,"0,05","58,93"
Produtos açucarados,Maria mole,"301,24","3,81","73,55","0,67","0,39","15,31"
Produtos açucarados,"Maria mole, coco queimado","306,63","3,93","75,06","0,64","0,47","14,29"
Produtos açucarados,Marmelada,"257,24","0,40","70,76","4,07","0,73","10,88"
Produtos açucarados,"Mel, de abelha","309,24","0,00","84,03",NA,"0,25","6,04"
Produtos açucarados,Melado,"296,51","0,00","76,62",NA,"5,39","4,01"
Produtos açucarados,Quindim,"411,35","4,74","46,30","3,22","1,38","27,37"
Produtos açucarados,Rapadura,"351,96","0,99","90,79",NA,"4,44","21,71"
Miscelâneas,"Café, pó, torrado","418,62","14,70","65,75","51,23","8,13","1,13"
Miscelâneas,"Capuccino, pó","417,41","11,31","73,61","2,44","2,28","382,29"
Miscelâneas,"Fermento em pó, químico","89,72","0,48","43,91",NA, ,"10052,41"
Miscelâneas,"Fermento, biológico, levedura, tablete","89,79","16,96","7,70","4,17","2,62","39,61"
Miscelâneas,"Gelatina, sabores variados, pó","380,22","8,89","89,22",NA,"0,33","234,92"
Miscelâneas,"Sal, dietético",NA,NA,NA,NA,,"23431,52"
Miscelâneas,"Sal, grosso",NA,NA,NA,NA,,"39943,20"
Miscelâneas,Shoyu,"60,93","3,31","11,65",NA,"0,50","5024,21"
Miscelâneas,Tempero a base de sal,"21,33","2,67","2,07","0,56",,"32560,00"
Outros alimentos industrializados,"Azeitona, preta, conserva","194,15","1,16","5,54","4,56","5,45","1566,66"
Outros alimentos industrializados,"Azeitona, verde, conserva","136,94","0,95","4,10","3,85","0,18","1347,18"
Outros alimentos industrializados,"Chantilly, spray, com gordura vegetal","314,96","0,53","16,86",NA,Tr,"109,70"
Outros alimentos industrializados,"Leite, de coco","166,16","1,01","2,19","0,68","0,46","44,29"
Outros alimentos industrializados,"Maionese, tradicional com ovos","302,15","0,58","7,90",NA,"0,10","786,83"
Alimentos preparados,Acarajé,"289,21","8,35","19,11","9,36","1,93","304,89"
Alimentos preparados,Arroz carreteiro,"153,77","10,83","11,58","1,50","0,96","1621,73"
Alimentos preparados,"Baião de dois, arroz e feijão-de-corda","135,68","6,24","20,42","5,07","0,56","93,30"
Alimentos preparados,Barreado,"164,98","18,27","0,24","0,15","2,44","47,63"
Alimentos preparados,"Bife à cavalo, com contra filé","291,23","23,66","0,00",NA,"2,10","82,87"
Alimentos preparados,Bolinho de arroz,"273,51","8,04","41,68","2,74","2,12","58,86"
Alimentos preparados,Camarão à baiana,"100,78","7,94","3,17","0,39","1,42","84,79"
Alimentos preparados,"Charuto, de repolho","78,23","6,78","10,13","1,46","0,86","12,10"
Alimentos preparados,"Cuscuz, de milho, cozido com sal","113,46","2,16","25,28","2,05","0,17","247,67"
Alimentos preparados,"Cuscuz, paulista","142,12","2,56","22,51","2,43","0,33","235,71"
Alimentos preparados,"Cuxá, molho","80,09","5,64","5,74","3,02","0,94","1344,29"
Alimentos preparados,Dobradinha,"124,50","19,77","0,00",NA,"1,01","28,77"
Alimentos preparados,Estrogonofe de carne,"173,14","15,03","2,98",,"2,70","122,85"
Alimentos preparados,Estrogonofe de frango,"156,81","17,55","2,59",,"1,52","99,46"
Alimentos preparados,Feijão tropeiro mineiro,"151,56","10,17","19,58","3,57","2,16","365,07"
Alimentos preparados,Feijoada,"116,93","8,67","11,64","5,09","1,35","278,22"
Alimentos preparados,"Frango, com açafrão","112,78","9,70","4,06","0,22","0,84","28,81"
Alimentos preparados,"Macarrão, molho bolognesa","119,53","4,93","22,52","0,78","1,39","8,94"
Alimentos preparados,Maniçoba,"134,22","9,96","3,42","2,16","3,22","406,70"
Alimentos preparados,Quibebe,"86,35","8,56","6,64","1,67","0,78","246,61"
Alimentos preparados,"Salada, de legumes, com maionese","96,10","1,05","8,92","2,22","0,23","228,43"
Alimentos preparados,"Salada, de legumes, cozida no vapor","35,41","2,01","7,09","2,51","0,44","2,51"
Alimentos preparados,"Salpicão, de frango","147,86","13,93","4,57","0,41","0,32","248,35"
Alimentos preparados,Sarapatel,"122,98","18,47","1,09",,"7,18","215,62"
Alimentos preparados,Tabule,"57,45","2,05","10,58","2,08","0,55","1,19"
Alimentos preparados,Tacacá,"46,89","6,96","3,39","0,21","0,95","1349,06"
Alimentos preparados,"Tapioca, com manteiga","347,83","0,09","63,59",Tr,"0,24","157,52"
Alimentos preparados,"Tucupi, com pimenta-de-cheiro","27,18","2,06","4,74","0,23","1,15","5,13"
Alimentos preparados,Vaca atolada,"144,90","5,12","10,06","2,34","0,73","25,63"
Alimentos preparados,Vatapá,"254,89","6,00","9,75","1,70","1,44","879,85"
Alimentos preparados,Virado à paulista,"306,95","10,18","14,11","2,16","1,05","345,53"
Alimentos preparados,Yakisoba,"112,80","7,52","18,25","1,06","0,62","793,76"
Leguminosas e derivados,"Amendoim, grão, cru","544,05","27,19","20,31","8,04","2,53",Tr
Leguminosas e derivados,"Amendoim, torrado, salgado","605,78","22,48","18,70","7,76","1,33","375,73"
Leguminosas e derivados,"Ervilha, em vagem","88,09","7,45","14,23","9,72","1,44",Tr
Leguminosas e derivados,"Ervilha, enlatada, drenada","73,84","4,60","13,44","5,08","1,39","372,11"
Leguminosas e derivados,"Feijão, carioca, cozido","76,42","4,78","13,59","8,51","1,29","1,76"
Leguminosas e derivados,"Feijão, carioca, cru","329,03","19,98","61,22","18,42","7,99",Tr
Leguminosas e derivados,"Feijão, fradinho, cozido","78,01","5,09","13,50","7,47","1,06","0,98"
Leguminosas e derivados,"Feijão, fradinho, cru","339,16","20,21","61,24","23,59","5,13","10,31"
Leguminosas e derivados,"Feijão, jalo, cozido","92,74","6,14","16,50","13,87","1,92","0,52"
Leguminosas e derivados,"Feijão, jalo, cru","327,91","20,10","61,48","30,32","7,03","24,58"
Leguminosas e derivados,"Feijão, preto, cozido","77,03","4,48","14,01","8,40","1,47","1,85"
Leguminosas e derivados,"Feijão, preto, cru","323,57","21,34","58,75","21,83","6,46",Tr
Leguminosas e derivados,"Feijão, rajado, cozido","84,70","5,54","15,27","9,32","1,36","0,69"
Leguminosas e derivados,"Feijão, rajado, cru","325,84","17,27","62,93","24,01","18,58","13,65"
Leguminosas e derivados,"Feijão, rosinha, cozido","67,87","4,54","11,82","4,76","1,18","2,08"
Leguminosas e derivados,"Feijão, rosinha, cru","336,96","20,92","62,22","20,63","5,32","24,11"
Leguminosas e derivados,"Feijão, roxo, cozido","76,89","5,72","12,91","11,51","1,41","1,46"
Leguminosas e derivados,"Feijão, roxo, cru","331,41","22,17","59,99","33,84","6,92","9,76"
Leguminosas e derivados,"Grão-de-bico, cru","354,70","21,23","57,88","12,36","5,38","5,19"
Leguminosas e derivados,"Guandu, cru","344,13","18,96","64,00","21,31","1,94","1,62"
Leguminosas e derivados,"Lentilha, cozida","92,64","6,31","16,30","7,86","1,48","1,18"
Leguminosas e derivados,"Lentilha, crua","339,14","23,15","62,00","16,94","7,05",Tr
Leguminosas e derivados,"Paçoca, amendoim","486,93","16,00","52,38","7,32","1,13","166,84"
Leguminosas e derivados,"Pé-de-moleque, amendoim","503,19","13,16","54,73","3,39","1,26","16,35"
Leguminosas e derivados,"Soja, farinha","403,96","36,03","38,44","20,18","13,06","5,75"
Leguminosas e derivados,"Soja, extrato solúvel, natural, fluido","39,10","2,38","4,28","0,37","0,43","56,53"
Leguminosas e derivados,"Soja, extrato solúvel, pó","458,90","35,69","28,48","7,31","7,01","83,47"
Leguminosas e derivados,"Soja, queijo (tofu)","64,49","6,55","2,13","0,75","1,43","1,21"
Leguminosas e derivados,"Tremoço, cru","381,28","33,58","43,79","32,31","2,79","3,29"
Leguminosas e derivados,"Tremoço, em conserva","120,64","11,11","12,39","14,44","0,34","1808,76"
Leguminosas e derivados,"Amêndoa, torrada, salgada","580,75","18,55","29,55","11,64","3,06","278,52"
Leguminosas e derivados,"Castanha-de-caju, torrada, salgada","570,17","18,51","29,13","3,66","5,22","125,00"
Leguminosas e derivados,"Castanha-do-Brasil, crua","642,96","14,54","15,08","7,93","2,31","0,65"
Leguminosas e derivados,"Coco, cru","406,49","3,69","10,40","5,38","1,76","15,32"
Leguminosas e derivados,"Coco,  verde, cru",*,*,*,*,*,*
Leguminosas e derivados,"Farinha, de mesocarpo de babaçu, crua","328,77","1,41","79,17","17,86","18,33","12,46"
Leguminosas e derivados,"Gergelim, semente","583,55","21,16","21,62","11,87","5,45","2,58"
Leguminosas e derivados,"Linhaça, semente","495,10","14,08","43,31","33,50","4,70","8,67"
Leguminosas e derivados,"Pinhão, cozido","174,37","2,98","43,92","15,60","0,76","0,86"
Leguminosas e derivados,"Pupunha, cozida","218,53","2,52","29,57","4,25","0,52","0,91"
Leguminosas e derivados,"Noz, crua","620,06","13,97","18,36","7,25","2,04","4,57"
